,Date,Transaction_Desciption,Debit,Credit,CardName,Transaction
0,13-12-2017,JUNOON RESTRO GURGAON             ,1255,0,Rahul,Domestic
1,16-12-2017,POONAM SERVICE STATION GURGAON    ,17 Cr,0,Rahul,Domestic
2,16-12-2017,KABI BESPOKE BOUTIQUE GURGAON     ,220,0,Rahul,Domestic
3,16-12-2017,CLEARTRIP TRAVEL SERVIC MUMBAI     ,14849,0,Rahul,Domestic
4,21-12-2017,INDIAN RAILWAY CATERINGNEW DELHI  ,1684,0,Rahul,Domestic
5,22-12-2017,CLEARTRIP TRAVEL SERVIC MUMBAI     ,5205,0,Rahul,Domestic
6,22-12-2017,MSW*BLISS HOSPITALITIE Delhi NCR  ,3764,0,Rahul,Domestic
7,23-12-2017,NIMITAYA HOTEL & RESOR GURGAON    ,3475,0,Rahul,Domestic
8,24-12-2017,BIKANERVALA (GURGAON U) GURGAON   ,278,0,Rahul,Domestic
9,02-01-2018,THAI CHI STREETGURGAON            ,987,0,Rajat,Domestic
10,02-01-2018,AMAZON PAY BANGALORE              ,1875,0,Rajat,Domestic
11,04-01-2018,SHAHEED MANOHAR LAL FIL GURGAON   ,18 Cr,0,Rajat,Domestic
12,08-01-2018,BIKANERVALA (GURGAON U GURGAON    ,420,0,Rajat,Domestic
13,09-01-2018,MOPS-SBC-CR-CARD-E MUMBAI         ,500000,0,Rajat,Domestic
14,12-12-2017,SHOPPERS STOP LTD GURGAON         ,2886,0,Rajat,Domestic
15,12-12-2017,MORE MEGASTORE GURGAON            ,1500,0,Rajat,Domestic
16,13-12-2017,SHAHEED MANOHAR LAL FIL  GURGAON  ,1968,0,Rajat,Domestic
17,13-12-2017,LIVE PHARMACY GURGAON             ,627,0,Rajat,Domestic
18,13-01-2018,SRILANKANUPGRADE KATUNAYAKE         EUR,10,0,Rahul,International
19,01-14-2018,HEALTHGUARD LIMITED KATUNAYAKE      USD,8 cr,0,Rahul,International
20,01-14-2018,FOOT RUB BERLIN                     EUR,21,0,Rahul,International
21,01-20-2018,California Games CALIFORNIA         USD,101,0,Rahul,International
22,01-30-2018,NewYorkShop NEWYORK                 USD,199,0,Rahul,International
23,02-08-2018,EURO WINGS DUSSELDOR                EUR,10,0,Rahul,International
